ind_code,wm_mean,wm_sd
CEC,30.0507614213197,3.21960845406867
N-pool,13.97,0.23469387755102
SOC,46.7810324419691,3.41117223201246
WHC,12.6041033610735,0.817960231639313
Y,14.9050332812142,0.240929464501854
base saturation,49.618320610687,4.73853663602847
bulk density,-9.64973375814127,0.339613718264915
porosity,9.46865307692489,0.255169608721162
soil ph,12,0.613881916402934
soil water content,10.8,1.20331151328455
